{
  "_fv": 34,
  "_type": "villagertrade",
  "definition": {
    "tradeEntries": [
      {
        "villagerProfession": {
          "value": "MASON"
        },
        "entries": [
          {
            "price1": {
              "value": "Items.COAL#0"
            },
            "countPrice1": 1,
            "price2": {
              "value": ""
            },
            "countPrice2": 1,
            "offer": {
              "value": "CUSTOM:Duariburupiah"
            },
            "countOffer": 1,
            "level": 4,
            "maxTrades": 10,
            "xp": 10,
            "priceMultiplier": 0.3
          }
        ]
      }
    ]
  }
}